code,domain,subDimension,subDimensionName,text,responseType,anchor0,anchor1,anchor2,anchor3,anchor4,evidenceMethod,evidenceRequirement,evidenceExamples,weight,criticality,readiness,applies,basis,sources,legacy,riskTag
SM-001,D1,1.1,"Vision, strategy and planning",The business has a written plan for the next 12 months that sets sales and profit targets.,ANCHORED,No plan exists; direction is only in the owner's head,Owner can describe goals verbally but nothing is written,Written plan lists activities but has no numbers for sales or profit,Written plan states sales and profit targets in cedis,"Written plan with targets, updated within the last 12 months with changes recorded",Document,Ask to see the current plan and check it has numeric targets and a date of last update.,Business plan or annual plan document | Notebook page with dated sales and profit targets,3,Standard,RDY-INV RDY-GRT,All,Partly sourced,S5 S1,,No written business plan
SM-002,D1,1.1,"Vision, strategy and planning","Staff who run sales, production or service can state the current target for their own area.",ANCHORED,No targets exist for any area of the business,Owner has targets in mind but staff do not know them,Some staff can state a target when asked,All staff in charge of an area can state their target,All can state their target and the latest result against it,Interview,"Ask two or three staff or helpers, separately, what their target is and how they are doing against it.",Shop attendant states daily sales target | Production lead states weekly output target and last week's result,2,Standard,,All,Partly sourced,S1,,Staff unaware of targets
SM-003,D1,1.1,"Vision, strategy and planning","Before any large spend on equipment, stock or expansion, the owner writes down the cost, the expected extra income and the payback time.",ANCHORED,Large purchases are made on impulse with no calculation,Owner thinks about the benefit but writes nothing down,Cost is written but expected return is not,"Cost, expected extra income and payback time are written for the last large spend",Written for every large spend in 12 months and actual results later compared,Document,Ask for the calculation behind the last large purchase or expansion and check it was done before the spend.,"Page showing machine cost, extra sales expected and months to recover cost | Quotation with owner's handwritten payback calculation",2,Standard,RDY-INV,All,Partly sourced,S5 S6,,Large spends not appraised
SM-004,D1,1.2,Customers and value proposition,"The business has customers who come back to buy again, and the records can show this.",ANCHORED,"No repeat buyers, or no sales record that could show any",Owner says some customers return but cannot name any,Owner can name three to five repeat customers,Records show more than five customers who bought in at least two of the last six months,Repeat customers account for over half of sales and repeat orders grew over the last 12 months,Third party,Check sales records for the same customers buying in different months and ask two customers by phone.,Customer ledger showing repeat orders | Mobile money history with repeat payers | Call to two named customers,5,Gate,RDY-MKT RDY-INV,All,Partly sourced,S6,,No proof of repeat demand
SM-005,D1,1.2,Customers and value proposition,"In the last 12 months the business changed a product, service or delivery method because customers told it what they wanted.",ANCHORED,Never asks customers and has changed nothing,Hears complaints but changes nothing,Asked customers once and noted views without acting,Made one change after customer feedback and can say what it was,Made several changes from feedback and checked sales or satisfaction afterwards,Third party,"Ask for a specific change, its date and the feedback behind it, and check with a customer if possible.",New pack size after buyers asked for smaller units | Opening hours changed after customer survey notes,3,Standard,RDY-MKT,All,Partly sourced,S5 S6,,No customer feedback loop
SM-006,D1,1.2,Customers and value proposition,"The business can say clearly why customers choose it over a competitor, and customers give the same reason when asked.",ANCHORED,Cannot say why customers choose it,Gives only a general reason such as good quality or low price,Gives one specific reason but customers have not confirmed it,Gives a specific reason and two of three customers called give the same one,Specific reason confirmed by customers and used in the business's selling or marketing,Third party,"Ask the owner for the reason, then ask three customers why they buy from the business.",Customers say the business delivers same day | Banner or social media post stating the main reason,3,Standard,RDY-MKT RDY-INV,All,Partly sourced,S6,,Unclear reason customers buy
SM-007,D1,1.3,Sales and marketing,A written plan says how and where new customers will be found this year.,ANCHORED,No plan to find new customers,Owner has ideas but nothing is written,Written list of ideas with no person or dates,"Written plan with actions, a responsible person and dates","Written plan, actions carried out and the number of new customers recorded",Document,Ask to see the plan and the count of new customers won against it.,Marketing plan with named actions | Notebook list of target buyers with visit dates,2,Standard,RDY-MKT,All,Partly sourced,S5,Q06,No plan for new buyers
SM-008,D1,1.3,Sales and marketing,The business keeps a list of customer names and phone numbers and uses it to reach customers directly.,ANCHORED,No customer list exists,Numbers are only on the owner's phone and are not used,A list exists but is used rarely,"List is kept up to date and used at least monthly, for example a WhatsApp broadcast list",List includes purchase history and is used for targeted offers with results noted,Digital record,Ask to see the list and a recent message or call log showing how it was used.,WhatsApp Business broadcast list | Customer contact notebook | Spreadsheet of customers and last purchase,2,Standard,RDY-MKT,All,Partly sourced,S5 S16,,No customer contact list
SM-009,D1,1.3,Sales and marketing,Share of sales in the last 12 months that came from the single largest customer.,BANDED,"Above 60 percent, or the share is not known",41 to 60 percent,31 to 40 percent,16 to 30 percent,15 percent or less,Document,"Calculate the largest customer's share from the sales ledger, invoices or payment history.",Sales ledger totals by customer | Invoice register for the last 12 months,4,Core,RDY-FIN RDY-INV RDY-MKT,All,Design judgement,,Q04,Over-dependence on one buyer
SM-010,D1,1.3,Sales and marketing,"The business knows which way of reaching customers (referral, shop location, WhatsApp, social media, radio, agents) brings the most new customers.",ANCHORED,No deliberate marketing and no idea how customers arrive,Does some marketing but has no idea which part works,Owner estimates the best channel from memory,Asks new customers how they heard and has counts for the last three months,Counts new customers by channel monthly and has moved effort or money to the best channel,Document,Ask for counts of new customers by source and an example of a decision based on them.,Tally of 'how did you hear about us' answers | Social media page insights with enquiry counts,2,Standard,RDY-MKT,All,Partly sourced,S5 S16,,Marketing results not tracked
SM-011,D1,1.4,Pricing and competitive position,The price of each main product or service is set from its cost plus a target margin.,ANCHORED,Prices are guessed or copied without any cost calculation,Prices follow competitors only; cost is not worked out,Cost is roughly worked out for the main items only,Prices come from a written cost plus margin for all main items,"As before, and the sheet is dated and updated at least twice a year or when input costs change",Document,Ask for the costing sheet behind two main prices and check the date.,"Costing sheet with ingredients, labour, transport and margin | Spreadsheet with cost and selling price per item",4,Core,RDY-INV,All,Partly sourced,S5,Q05,Prices not based on cost
SM-012,D1,1.4,Pricing and competitive position,How often does the owner check competitors' prices and offers?,FREQ,Never checks competitors,"Rarely, only when customers complain about price","Sometimes, about once a year, from memory","Often, at least every six months, with notes","Always, every quarter, in a written comparison used when setting prices",Interview,Ask when the last check was done and for any notes or comparison.,Notebook of competitor prices with dates | Photos of competitor price lists,2,Standard,,All,Partly sourced,S5,Q05,Competitor prices not checked
SM-013,D1,1.4,Pricing and competitive position,"Discounts and price reductions are given under a rule, not case by case on request.",ANCHORED,Discounts are given freely with no limit,Owner decides case by case and nothing is recorded,An informal limit exists that only the owner knows,A written rule exists and sales staff know it,"Written rule applied, discounts recorded and their total cost reviewed monthly",Document,Ask for the discount rule and a record of discounts given last month.,Written discount policy | Sales book with a discount column,2,Standard,,All,Design judgement,,,Uncontrolled discounting
SM-014,D2,2.1,Delivery and quality,Orders are delivered on the agreed day and to the agreed specification.,ANCHORED,Orders are often late or wrong and no record is kept,"More than one in five orders is late or wrong, according to customers",Orders are sometimes late or wrong and this is not tracked,Orders are rarely late or wrong and late orders are noted,On-time and correct rate is tracked monthly and is above 90 percent,Third party,Ask two buyers about reliability and check any delivery or order log.,Buyer confirms deliveries arrive on time | Delivery book with dates promised and dates delivered,4,Gate,RDY-MKT,All,Partly sourced,S2,,Unreliable delivery to buyers
SM-015,D2,2.1,Delivery and quality,Products or work are checked against a stated standard before they reach the customer.,ANCHORED,No checks are done,Checks happen only when the owner is present,Checks are usually done but nothing is written,A written checklist exists and is used for most sales or jobs,"Checklist is used for every batch or job, failures are recorded and causes fixed",Observation,Observe a check being done and look at the checklist and failure records.,Quality checklist at the packing table | Inspection sheet signed before dispatch,3,Core,RDY-MKT RDY-GRT,All,Partly sourced,S2,Q09,No quality checks before sale
SM-016,D2,2.1,Delivery and quality,"Customer complaints, returns and refunds are written down and followed up.",ANCHORED,Complaints are ignored or not handled,Complaints are handled informally and forgotten,The owner remembers complaints but nothing is written,A written log exists with the action taken,"Log records cause and action, complaints are closed within an agreed time and patterns reviewed",Document,Ask to see the complaints or returns log for the last three months.,Complaints notebook | WhatsApp complaint messages with replies and outcome,3,Standard,RDY-MKT,All,Partly sourced,S2,,Complaints not tracked
SM-017,D2,2.1,Delivery and quality,"The main products or services are made or delivered by following set steps, so different staff produce the same result.",ANCHORED,Every person does the work their own way and results differ widely,Only the owner knows the right way,Steps are shown to new staff by demonstration but not written,Steps are written or illustrated for the main product or service,"Steps are written, staff are trained on them and they were updated in the last 12 months",Observation,Watch two staff do the same task and compare with any written steps.,Recipe or production sheet on the wall | Step list for a standard repair or service,2,Standard,,All,Partly sourced,S2,,Work done inconsistently
SM-018,D2,2.2,"Supply, inventory and cost control","Stock, materials or supplies on hand are physically counted and compared with the stock records.",ANCHORED,Stock is never counted,Counted once a year or only when a problem appears,Counted every two to three months,Counted every month and compared with records,"Counted every month, differences investigated and the cause recorded",Observation,Observe or ask for the latest count sheet and the record it was compared with.,Stock count sheet signed by two people | Stock book with count date and variance column,3,Core,RDY-FIN,Holds stock or materials,Partly sourced,S5,Q08,Stock not counted
SM-019,D2,2.2,"Supply, inventory and cost control",Each key input or item for resale can be bought from at least two known suppliers.,ANCHORED,Depends on one supplier and knows no alternative,One main supplier; alternatives have never been checked,An alternative supplier is named but has not been used,Two suppliers have been used in the last six months for each key input,"As before, and prices from suppliers are compared in writing at least twice a year",Document,Review purchase records for each key input and ask for alternative supplier contacts.,Purchase book showing two suppliers per item | Written supplier price comparison,3,Standard,RDY-MKT,All,Partly sourced,S5,,Single supplier dependence
SM-020,D2,2.2,"Supply, inventory and cost control","Waste, spoilage, breakage or loss is measured as a share of what is bought or produced.",ANCHORED,Not measured and the owner cannot estimate it,Estimated from memory only,Recorded occasionally for the main item,Recorded every month for the main items,"Recorded monthly with causes noted, and losses are falling or below a set target",Document,Ask for loss records and check how the percentage is worked out.,Spoilage book | Production sheet showing input quantity and good output,3,Core,RDY-GRT,All,Partly sourced,S2 S13,Q07,Losses not measured
SM-021,D2,2.2,"Supply, inventory and cost control","Each month the main cost lines (inputs, transport, power, rent, wages) are compared with the previous month and rises are explained.",ANCHORED,Costs are never compared,Costs are looked at only when cash runs short,Owner notices big changes informally,Main cost lines are compared monthly and rises are queried,Compared monthly against a budget or target and corrective action is recorded,Document,Ask for the last two months' cost comparison and the action taken on any rise.,Spreadsheet with monthly cost columns | Notebook comparing fuel and input costs,3,Standard,RDY-FIN,All,Partly sourced,S5,,Cost increases not tracked
SM-022,D2,2.3,"Productivity, assets and technology",Equipment and vehicles are serviced on a planned schedule rather than only after they break down.,ANCHORED,Repairs only after breakdown,Servicing happens when someone remembers,Informal schedule for the main items,Written schedule for main assets and mostly followed,"Schedule followed, service log kept and breakdown time recorded",Document,Ask for the service schedule and log and inspect one key machine or vehicle.,Vehicle service book | Machine maintenance card with dates,3,Standard,,All,Design judgement,,,No planned maintenance
SM-023,D2,2.3,"Productivity, assets and technology","The business keeps a list of its equipment and other assets with purchase cost, date and condition.",ANCHORED,No list exists,The owner lists assets only from memory,A list of main items exists without values,"A list shows cost, purchase date, condition and location","List is checked physically at least yearly and updated, with serial or chassis numbers",Observation,Ask for the asset list and tick three items from the list at the premises.,Fixed asset register | Spreadsheet of machines with purchase receipts attached,2,Standard,RDY-FIN RDY-INV,All,Design judgement,,,No asset register
SM-024,D2,2.3,"Productivity, assets and technology",Output or work completed per worker or per day is measured for the main product or service.,ANCHORED,Not measured,Estimated from memory,Counted occasionally,Counted every week for the main product or service,"Counted routinely, compared with a target and acted on",Document,Ask for output counts for the last four weeks and any target.,Daily production tally sheet | Jobs completed per technician record,2,Standard,,All,Partly sourced,S1 S2,,Productivity not measured
SM-025,D2,2.3,"Productivity, assets and technology",The main work process has no regular bottleneck that delays orders.,ANCHORED,Orders are delayed every day by the same problem,Orders are delayed weekly and nothing is done,The bottleneck is known but there is no plan to fix it,The bottleneck is known and a fix is in progress,"The bottleneck is solved, or capacity is checked each quarter against orders",Observation,Walk the process with the owner and ask what slows orders most and what has been done.,Single dryer or machine causing queues | Order backlog list with reasons for delay,2,Standard,,All,Partly sourced,S2,,Process bottleneck delaying orders
SM-026,D3,3.1,Bookkeeping and financial records,All cash and mobile money received and paid out is written in a cash book or other record every week.,ANCHORED,No record of money in or out is kept,Only some sales are noted and not regularly,Receipts and payments are recorded but more than a month behind,Cash and mobile money in and out are recorded at least weekly,Recorded daily and checked weekly against cash on hand and the mobile money or bank balance,Document,Inspect the cash book or spreadsheet for the last eight weeks and check entry dates against statements.,Cash book with weekly totals | Spreadsheet matching mobile money statement entries,5,Gate,RDY-FIN RDY-INV RDY-GRT,All,Partly sourced,S5 S10,Q01,No cash records
SM-027,D3,3.1,Bookkeeping and financial records,Business money is kept separate from the owner's household and personal money.,ANCHORED,"Business and personal money are in the same pocket, wallet or account","Sometimes separate, but the owner takes cash freely with no record",Separate account or wallet exists but personal use still happens and is not recorded,"Separate money, and the owner's withdrawals are recorded as drawings or salary","Separate accounts, a fixed monthly owner pay, and no unrecorded personal withdrawals in the last three months",Digital record,Review three months of bank and mobile money statements for personal spending and compare with drawings records.,Business account statement with only business payments | Drawings page in the cash book,4,Gate,RDY-FIN RDY-INV RDY-GRT,All,Design judgement,,Q12,Business and household money mixed
SM-028,D3,3.1,Bookkeeping and financial records,"Sales and purchases are recorded in a ledger or software with the date, amount and the customer or supplier.",ANCHORED,No ledger exists,Receipts and invoices are kept loosely but not recorded,Sales are recorded but purchases are not,"Both sales and purchases are recorded with dates, amounts and names","As before, and monthly totals agree with bank and mobile money statements",Document,"Sample ten entries and trace them to receipts, invoices or statements.",Sales and purchases day books | Accounting software export,4,Core,RDY-FIN RDY-INV RDY-CMP,All,Partly sourced,S5,Q13,No sales and purchases ledger
SM-029,D3,3.1,Bookkeeping and financial records,"Receipts, invoices and waybills are filed so that any transaction in the last 12 months can be traced.",ANCHORED,No supporting documents are kept,Some are kept loose and unsorted,Kept in a box or bag but not sorted by date,Filed by month and can be found when asked,Filed and cross-referenced to ledger entries; five random transactions are found within ten minutes,Document,Pick five ledger entries at random and ask for the supporting document for each.,Monthly folders of receipts | Scanned invoices stored by date in a cloud folder,3,Core,RDY-FIN RDY-CMP RDY-GRT,All,Partly sourced,S4 S5,,Supporting documents not filed
SM-030,D3,3.2,Cash flow management,"Weeks of fixed costs (rent, wages, loan repayments, power, transport) that cash on hand and in accounts could pay today.",BANDED,"Less than 1 week of fixed costs, or the balance is not known",1 week to under 2 weeks,2 weeks to under 4 weeks,4 weeks to under 8 weeks,8 weeks or more,Digital record,"Add cash, bank and mobile money balances on the day and divide by weekly fixed costs from the records.",Bank and mobile money balances shown on the day | Monthly fixed cost list,5,Core,RDY-FIN RDY-INV,All,Design judgement,,,Thin cash cover
SM-031,D3,3.2,Cash flow management,A written cash forecast shows the money expected in and out over the coming weeks.,ANCHORED,No forecast of any kind,Owner thinks about upcoming cash but writes nothing,A list of big upcoming payments only,A written four week forecast updated at least monthly,A rolling 13 week forecast updated every two weeks and compared with actual results,Document,Ask for the current forecast and the last update date.,Four week cash plan in a notebook | Spreadsheet forecast with actual columns,4,Core,RDY-FIN RDY-GRT,All,Design judgement,,,No cash flow forecast
SM-032,D3,3.2,Cash flow management,Average number of days customers take to pay on credit sales.,BANDED,"Not known, or more than 60 days",46 to 60 days,31 to 45 days,16 to 30 days,15 days or fewer,Document,Compute from the list of unpaid invoices and recent payment dates.,Debtors list with invoice and payment dates | Customer credit book,4,Core,RDY-FIN,Sells on credit,Partly sourced,S10,Q02,Slow customer payment
SM-033,D3,3.3,"Costing, margins and profitability",The gross margin (sales less direct cost) is known for each main product or service.,ANCHORED,Not known at all,Owner guesses an overall margin,Calculated once for the whole business in the last year,Calculated for each main product or service in the last six months,Calculated for each main item every month and used in decisions,Document,Ask for the margin calculation for the top three items and check it uses real costs.,Margin per product table | Monthly gross margin worksheet,4,Core,RDY-FIN RDY-INV,All,Partly sourced,S5 S6,Q03,Gross margin unknown
SM-034,D3,3.3,"Costing, margins and profitability",The monthly sales needed to cover all costs (break-even) has been calculated.,ANCHORED,Never heard of break-even and not calculated,Owner has a vague idea of what sales are needed,Rough estimate not based on records,Calculated from fixed and variable costs in the last 12 months,Calculated and compared with actual sales every month,Document,Ask for the calculation and check the fixed and variable costs used.,Break-even worksheet | Notebook page listing fixed costs and margin,3,Standard,RDY-INV,All,Partly sourced,S5 S6,,Break-even not known
SM-035,D3,3.3,"Costing, margins and profitability","Net profit or loss after all costs, including the owner's own pay, has been worked out for the last 12 months.",ANCHORED,Never worked out,Owner estimates profit by feel,Estimated from bank or mobile money movement only,Worked out from records but without the owner's pay,"Worked out from records after owner's pay and tax, and the figure agrees with the books",Document,Ask for the profit calculation and check it against the ledger totals.,Income statement for last year | Profit and loss worksheet,4,Core,RDY-FIN RDY-INV,All,Partly sourced,S10,,Profit not calculated
SM-036,D3,3.4,Financial reporting and controls,Financial statements (income statement and balance sheet) have been prepared for the last full year.,ANCHORED,No financial statements have ever been prepared,Owner has written a rough summary only,A one page profit summary exists without a balance sheet,Full statements prepared for the last year by the owner or a bookkeeper,Statements prepared for the last two years and reviewed or audited by an external accountant,Document,Ask for the statements and check they cover a full year and balance.,Annual accounts prepared by an accountant | Statements drawn from accounting software,4,Gate,RDY-FIN RDY-INV RDY-GRT,All,Partly sourced,S10 S4,,No financial statements
SM-037,D3,3.4,Financial reporting and controls,Payments above a set limit need approval from someone other than the person asking for the money.,ANCHORED,Anyone can pay out money freely,The owner approves in theory but not in practice,The owner approves verbally with no record,A written limit exists and a named person approves above it,"Written limit, approvals are recorded and the owner checks them monthly",Document,Ask for the limit and look at three recent large payments for approval evidence.,Payment voucher with two signatures | Approval message on WhatsApp saved with the receipt,3,Core,RDY-GRT,All,Design judgement,,,No approval control on payments
SM-038,D3,3.4,Financial reporting and controls,"Cash, bank and mobile money balances are reconciled to the business records at least monthly.",ANCHORED,Never reconciled,Only when an error is suspected,Done about once a quarter,Done every month by the owner,"Done every month by someone who does not record the money, with differences explained in writing",Document,Ask for the last three reconciliations and compare with statements.,Bank reconciliation statement | Cash count sheet matched to cash book and MoMo balance,4,Gate,RDY-GRT RDY-FIN,All,Design judgement,,,No monthly reconciliation
SM-039,D4,4.1,Capital structure and debt service,All loans and supplier credit are repaid on or before the due date.,ANCHORED,Currently in default or in arrears of more than 90 days,Late payments in the last 12 months with penalties charged,"One or two late payments in the last 12 months, no penalties","All repayments on time in the last 12 months, shown by statements",All repayments on time for 24 months with written repayment schedules,Third party,Review loan statements or lender letters and supplier statements for the last 12 months.,Bank or microfinance loan statement | Supplier statement of account | Credit bureau report,5,Gate,RDY-FIN,Has loans or credit,Partly sourced,S9,Q18,Late or missed loan repayments
SM-040,D4,4.1,Capital structure and debt service,Monthly cash available before loan repayments compared with the monthly loan repayments (debt cover).,BANDED,"Below 1.0 times, or not known",1.0 to under 1.2 times,1.2 to under 1.5 times,1.5 to under 2.0 times,2.0 times or more,Document,Divide average monthly cash surplus before debt payments by monthly repayments using records.,Cash book summary and loan schedule | Bank statements and repayment schedule,5,Core,RDY-FIN,Has loans or credit,Partly sourced,S10,,Loan repayments not covered by cash
SM-041,D4,4.1,Capital structure and debt service,"The business keeps an up to date list of everything it owes (loans, supplier balances, advances) with amounts and due dates.",ANCHORED,No list of debts exists,The owner knows the debts from memory only,A list of loans exists but not supplier balances,All debts are listed with amounts and due dates and updated monthly,List updated monthly and checked against lender and supplier statements,Document,Ask for the list and check three items against a statement.,Creditors list | Loan schedule and supplier balances sheet,4,Core,RDY-FIN RDY-INV,All,Partly sourced,S10,,Total debt not known
SM-042,D4,4.1,Capital structure and debt service,"Borrowed money is used for stock, equipment or other items that earn income, not for routine shortfalls or personal spending.",ANCHORED,Loans mostly pay for personal or routine bills,Sometimes used for personal or routine bills,"Mixed use, not tracked","Used mainly for income earning items, shown by receipts","Each loan has a written purpose and expected return before it is taken, and use was verified",Document,Trace the last loan's use through receipts and records.,"Receipts for equipment bought with a loan | Loan application stating purpose, matched to spending",3,Standard,RDY-FIN,All,Partly sourced,S10,,Loans used for non-productive spending
SM-043,D4,4.2,Credit history and finance access,"The business and its owner have no unresolved loan default, court judgement or blacklisting with a lender or credit bureau.",ANCHORED,In default or blacklisted now,Arrears or a dispute is currently being renegotiated,A past default has been fully cleared and the owner can show proof,No default is known but this has not been checked with a bureau,"No default, confirmed by a credit report obtained in the last 12 months",Third party,Ask for a credit report and lender clearance letters for any past default.,Credit bureau report | Lender letter confirming a loan is fully repaid,4,Gate,RDY-FIN,All,Partly sourced,S9,,Default or blacklist on record
SM-044,D4,4.2,Credit history and finance access,The owner has obtained a copy of their own credit report from a licensed credit bureau and checked it for errors.,ANCHORED,Has never heard of credit bureaus,Knows bureaus exist but has not asked for a report,Requested a report but did not review it,Obtained and reviewed a report in the last 24 months,Obtained a report in the last 12 months and challenged any errors in writing,Document,Ask to see the report and any dispute letter to the bureau.,Credit report printout | Dispute letter and bureau reply,2,Standard,RDY-FIN,All,Sourced,S9,,Credit report never checked
SM-045,D4,4.2,Credit history and finance access,"The business or owner saves regularly in a bank, susu or VSLA for planned business needs.",ANCHORED,No regular saving,Saves only occasionally,Saves regularly but the money is mixed with personal funds,Regular business saving in a separate account or group for at least six months,"Saved for 12 months or more and used for planned purchases or to part fund a loan, with records",Digital record,Ask for savings statements or the susu or VSLA book showing contributions.,Savings account statement | VSLA passbook | Susu collector's contribution card,2,Standard,RDY-FIN RDY-GRT,All,Design judgement,,,No regular saving
SM-046,D4,4.2,Credit history and finance access,"The business has prepared and submitted a complete loan, grant or investment application in the last three years.",ANCHORED,Has never applied,Applied but the application was incomplete or missing documents,Submitted one complete application and kept no feedback,Submitted a complete application and kept the lender or funder feedback,"Submitted more than one, used the feedback to improve, and at least one succeeded",Document,Ask for copies of applications and decision or feedback letters.,Loan application file | Grant proposal with acknowledgement | Rejection letter with reasons,2,Standard,RDY-GRT,All,Design judgement,,Q17,No application track record
SM-047,D4,4.3,Investor-grade information and funding plan,"A written funding plan states how much money is needed, for what, from which source and by when.",ANCHORED,No funding plan,An amount is in the owner's mind but not written,Amount and purpose are written without a source,"Amount, purpose, source and timing are written and costed","As before, with supplier quotations and projected repayment or returns",Document,Ask for the funding plan and supporting quotations.,One page funding request | Quotation for equipment with a funding table,4,Core,RDY-INV RDY-GRT RDY-FIN,All,Partly sourced,S10 S6,,No funding plan
SM-048,D4,4.3,Investor-grade information and funding plan,The business can show financial projections for the next 12 to 36 months with the assumptions written down.,ANCHORED,No projections,Only a growth target without figures,"Sales projection only, without costs","A 12 month projection of sales, costs and profit with assumptions","A three year projection, monthly in year one, with assumptions compared with actual results",Document,Ask for the projection and check that its assumptions are stated and plausible.,Spreadsheet projection with an assumptions sheet | Business plan financial section,3,Standard,RDY-INV,All,Partly sourced,S6,,No financial projections
SM-049,D4,4.3,Investor-grade information and funding plan,"Who owns the business, and in what shares, is written down and can be shown.",ANCHORED,Ownership is unclear or disputed,Only a verbal understanding exists,Owners are known informally but nothing is written,Ownership is recorded in a signed document or registration record,"As before, and the ownership filed with the Registrar General is up to date",Document,"Ask for registration papers, partnership deed or shareholder records and check names match.",Company regulations and shareholder register | Business name registration certificate | Partnership agreement,4,Gate,RDY-INV RDY-CMP,All,Partly sourced,S4,,Ownership not documented
SM-050,D4,4.3,Investor-grade information and funding plan,"The owner can put together a funder information pack (records, statements and registration documents) within one working day.",ANCHORED,Cannot be assembled,Could be assembled within a week with great effort,Could be assembled within two to three days,Could be assembled within one day but is not kept together,"A ready folder, on paper or digital, was updated within the last six months",Observation,Ask the owner to produce the pack now and time it.,"Digital folder with certificates, statements and ledger summary | Box file with up to date documents",4,Core,RDY-FIN RDY-INV RDY-GRT,All,Partly sourced,S10,Q14,Records not ready for funders
SM-051,D5,5.1,Owner leadership and succession,"The business can run for a week without the owner on site, with sales and daily decisions continuing.",ANCHORED,The business stops or fails when the owner is away,Major activities stop and customers are turned away,Routine work continues but every decision waits for the owner,Routine work and daily decisions are handled by a named deputy for a week,"This has happened in the last 12 months with no loss, and a written handover was used",Third party,Ask staff and the deputy what happens when the owner travels or is ill and when it last occurred.,Deputy describes decisions taken during owner's absence | Handover note from the owner's last trip,4,Core,RDY-INV,All,Design judgement,,,Business depends on the owner
SM-052,D5,5.1,Owner leadership and succession,A deputy or successor for the owner's role has been named in writing.,ANCHORED,No one has been considered,The owner intends to name someone but has not,Someone is named verbally and known to staff or family,A successor or deputy is named in a signed or dated document,"Named in writing, briefed on key accounts and contacts, and has already acted in the role",Document,Ask for the document and interview the named person.,Letter naming a deputy | Board or family meeting minutes naming a successor,3,Standard,RDY-INV,All,Design judgement,,,No named successor
SM-053,D5,5.1,Owner leadership and succession,"How often does the owner set aside time to work on the business (planning, review, improving), not only in it?",FREQ,Never; all time goes on daily tasks,"Rarely, only in a crisis","Sometimes, about once a month","Often, a weekly slot in the diary","Always, a weekly slot with decisions or actions recorded",Interview,Ask for the diary or notes showing the planning time and what was decided.,Weekly planning notes | Diary entry blocking Friday review time,1,Standard,,All,Partly sourced,S16,,No time for planning
SM-054,D5,5.1,Owner leadership and succession,"In the last 12 months the owner changed a business practice after training, coaching or advice.",ANCHORED,No training or advice received and none sought,Attended training but changed nothing,Attended and tried one idea once,Changed one practice and still uses it,Changed several practices and measured the result,Interview,"Ask for the practice changed, the date, and evidence it is still used.",New cash book started after a bookkeeping workshop | Pricing sheet introduced after coaching visit,2,Standard,,All,Design judgement,,,No learning applied
SM-055,D5,5.2,"Staff roles, capability and retention",Every person's role and who they report to is written down.,ANCHORED,No roles are defined,Roles are only understood verbally,Written for some roles,Written for all roles and known to staff,"Written, signed by staff and reviewed within the last 12 months",Document,Ask for role descriptions or an organisation chart and check staff know theirs.,Job descriptions | Simple organisation chart on the wall,2,Standard,,Has two or more people working in the business,Partly sourced,S2 S16,Q10,Roles not written down
SM-056,D5,5.2,"Staff roles, capability and retention","People working in the business (staff, apprentices, helpers) are trained for their jobs when they join and when their tasks change.",ANCHORED,No training is given,People learn by watching and there is no plan,A basic induction is given to some people,"Induction for all new people and training when tasks change, recorded","Annual training plan with a budget, and results checked against performance",Third party,Ask for induction or training records and ask two people what training they received.,Training attendance list | Induction checklist signed by the new worker,3,Standard,,All,Partly sourced,S2 S16,,Staff not trained
SM-057,D5,5.2,"Staff roles, capability and retention",People who perform well are recognised or rewarded in a clear and fair way.,ANCHORED,Same pay and no recognition whatever the performance,Rewards go to favourites,Occasional bonuses decided by the owner,Criteria for rewards are known to staff and applied,"Written reward scheme with criteria, applied and reviewed each year",Third party,Ask two staff how rewards are decided and ask for the criteria and recent examples.,Written bonus rules | Staff describe how the best seller was rewarded,2,Standard,,All,Partly sourced,S1,,Performance not rewarded fairly
SM-058,D5,5.2,"Staff roles, capability and retention",The business knows how many people left in the last 12 months and why.,ANCHORED,No idea how many have left,The owner recalls some leavers,Count is known but not the reasons,Count and reasons are recorded,"Recorded, and action was taken on a repeated reason",Document,"Ask for the leaver list and reasons, and the action taken on any pattern.",Staff register with leaving dates and reasons | Exit conversation notes,2,Standard,,All,Partly sourced,S1,,Staff turnover not tracked
SM-059,D5,5.3,Governance and decision rights,"How often does the owner meet staff or the management team to review sales, costs, cash and actions?",FREQ,Never,"Rarely, only when there is a problem",Quarterly,Monthly,Monthly with written minutes and actions followed up,Document,Ask for minutes or an action list from the last three meetings.,Meeting minutes book | WhatsApp group summary of monthly review,3,Core,RDY-INV,All,Partly sourced,S1 S2,Q11,No regular management review
SM-060,D5,5.3,Governance and decision rights,"Someone outside the business and the owner's family (adviser, mentor, board member) regularly challenges major decisions.",ANCHORED,No outside person is consulted,Occasional chats with a friend,An adviser is consulted occasionally on major decisions,An advisory group or board meets at least twice a year,"Meets quarterly with minutes, tracked actions and at least one independent member",Third party,Ask for minutes or advice notes and interview the adviser.,Advisory group minutes | Mentor session notes,3,Standard,RDY-INV RDY-GRT,All,Design judgement,,,No outside challenge on decisions
SM-061,D5,5.3,Governance and decision rights,"Staff know in writing which decisions they can make without asking the owner (spending, pricing, hiring, discounts).",ANCHORED,The owner decides everything and nothing is stated,Staff guess what they may decide,Verbal limits are given for some decisions,"Written limits exist for spending, pricing and hiring",Written limits signed by staff and reviewed within the last 12 months,Third party,Ask for the written limits and ask two staff what they can decide alone.,Delegation of authority sheet | Manager appointment letter listing limits,3,Standard,RDY-GRT,All,Design judgement,,,Decision rights unclear
SM-062,D5,5.4,Workplace practices and decent work,"Employees have a written statement of their job, pay, hours and leave.",ANCHORED,No written terms for anyone,Terms are verbal only,"Written for some staff, for example only senior staff",Written for all permanent staff,"Written for all staff, signed by both sides, copy held by the worker, and pay and leave records match",Document,Sample three employee contracts or statements and check pay and leave records.,Signed employment contract | Appointment letter with pay and leave terms,3,Core,RDY-CMP RDY-GRT,Has employees,Sourced,S7,,No written employment terms
SM-063,D5,5.4,Workplace practices and decent work,Basic safety measures are in place for the main hazards of the work.,ANCHORED,Obvious hazards are uncontrolled,Hazards are known but nothing is done,"Some measures exist, such as a first aid box, without a routine","Measures are in place for each main hazard, for example first aid, fire safety and protective gear","As before, with incidents recorded and safety checks done at least quarterly",Observation,"Walk the premises and check safety items, and ask for any incident record.",First aid box and fire extinguisher with service date | Protective gear in use | Incident book,3,Core,RDY-CMP RDY-GRT,All,Sourced,S7 S2,,Unsafe working conditions
SM-064,D6,6.1,Business records and documentation,"Registration certificates, licences, permits, leases, contracts and insurance papers are kept together in one safe place.",ANCHORED,Papers are scattered or lost,Some are held but the owner does not know where all are,Most are at the owner's home or shop with no copies,All are in one place with a list of what is held,"In one place with scanned copies kept elsewhere, and the list is updated yearly",Observation,Ask the owner to produce three named documents and the list.,Lever arch file of legal documents | Cloud folder of scanned certificates,3,Standard,RDY-CMP,All,Partly sourced,S5,,Key documents not kept safely
SM-065,D6,6.1,Business records and documentation,"Every sale of value is supported by an invoice, receipt or order note that the business keeps a copy of.",ANCHORED,No sales documents are issued,Issued only when the customer asks,Issued for some sales,All credit sales and sales above a set amount have numbered documents,All sales are documented in number order and checked against the ledger,Document,Inspect the invoice or receipt books for sequence and compare with the ledger.,Numbered receipt book | POS receipts or e-invoice records,3,Core,RDY-CMP RDY-MKT,All,Partly sourced,S3 S5,,Sales not documented
SM-066,D6,6.1,Business records and documentation,"The three most important routine tasks (for example cash handling, receiving goods, processing orders) each have written steps.",ANCHORED,None are written or explained,Steps are known verbally only,One task has written steps,All three tasks have written steps,"All three are written, staff are trained on them and they were updated in the last 12 months",Document,Ask for the three step lists and ask a staff member to describe one.,Cash handling checklist | Goods received procedure sheet,2,Standard,,All,Partly sourced,S2,,Routine tasks not documented
SM-067,D6,6.1,Business records and documentation,Someone other than the owner can find and read the main business records.,ANCHORED,Only the owner knows where records are and how they work,Only the owner can use the records,One trusted person knows where they are,A named records person has access and can use them,A written index exists and two people have been trained to use the records,Observation,Ask a second person to find a stated record while the owner is not helping.,Bookkeeper retrieves last month's ledger unaided | Index sheet to the filing system,2,Standard,,All,Partly sourced,S5,,Records known only to the owner
SM-068,D6,6.2,Digital tools and payments,Share of sales receipts that go through mobile money or a bank account.,BANDED,Under 10 percent,10 to 29 percent,30 to 49 percent,50 to 79 percent,80 percent or more,Digital record,Compare digital receipts on statements with total sales in the same month.,Mobile money merchant statement | Bank statement against sales ledger,2,Standard,RDY-FIN,All,Design judgement,,Q15,Most sales are in untraceable cash
SM-069,D6,6.2,Digital tools and payments,The business has a bank account or mobile money business wallet in the business's name that is in regular use.,YNP,No account or wallet in the business's name,,Account or wallet exists but has no transactions in the last three months,,Account or wallet in the business's name shows transactions in each of the last three months,Digital record,Review statements from the last three months in the business's name.,Bank statement in business name | MoMo merchant account statement,4,Gate,RDY-FIN RDY-GRT,All,Design judgement,,,No business account or wallet
SM-070,D6,6.2,Digital tools and payments,"Sales and accounts are kept in a spreadsheet or software, not only on paper or in the owner's head.",ANCHORED,Nothing is kept in any digital form,Notes on a phone only,Spreadsheet used occasionally,Spreadsheet or software used for the ledger every month,"Accounting or point of sale software with backups, and reports used every month",Digital record,Open the file or software and check entries and dates.,Excel ledger | Accounting software or POS reports,3,Standard,RDY-INV,All,Partly sourced,S10,,Records not digital
SM-071,D6,6.2,Digital tools and payments,"Customers can reach the business through a dedicated business phone number, WhatsApp Business or email address.",ANCHORED,No way for customers to reach the business except by visiting,Only the owner's personal number is available,A business number exists but is not displayed,"A dedicated number or email is displayed on signage, cards or social media",Dedicated contact is displayed and enquiries are answered within a set time and logged,Observation,"Check signage, social media page and send a test enquiry.",WhatsApp Business profile | Banner showing the business phone number,1,Standard,RDY-MKT,All,Partly sourced,S5,,No business contact channel
SM-072,D6,6.3,Data use and performance tracking,"The business tracks a small set of numbers every month (sales, gross margin, cash balance, money owed by customers, stock).",ANCHORED,No numbers are tracked,Sales only,Sales and cash,Four or more measures in writing every month,Monthly dashboard with targets and a trend over six months,Document,Ask for the last three months' figures.,Monthly scorecard | Notebook of monthly key numbers,4,Core,RDY-INV,All,Partly sourced,S1 S5,,Key numbers not tracked
SM-073,D6,6.3,Data use and performance tracking,In the last six months the owner has made a decision that was clearly based on the recorded figures.,ANCHORED,Decisions are made by gut feeling alone,Records exist but are not consulted,The owner occasionally looks at figures,Two decisions in the last six months can be traced to the figures,Figures are used routinely and decisions are written with the numbers behind them,Interview,"Ask for two decisions and the figures used, and check dates.",Dropped a slow product after stock figures | Raised a price after margin calculation,3,Standard,,All,Partly sourced,S1,,Decisions not data driven
SM-074,D6,6.3,Data use and performance tracking,The owner compares this year's results with last year's at least once a year.,ANCHORED,No records to compare,Compares from memory only,Compares sales only,"Compares sales, costs and profit once a year",Compares every quarter and writes down the reasons for changes,Document,Ask for the comparison and the reasons noted.,Year on year sales and costs table | Annual review notes,2,Standard,,All,Partly sourced,S1,,No year on year review
SM-075,D6,6.3,Data use and performance tracking,"At least each quarter, actual results are compared with the plan or budget and the differences are explained in writing.",ANCHORED,Never compared,Compared informally once a year,Compared informally each quarter,Written comparison each quarter,Written comparison each month with corrective actions closed,Document,Ask for the last two comparisons and the actions that followed.,Budget versus actual sheet | Quarterly review note,3,Core,RDY-GRT RDY-INV,All,Partly sourced,S1,,Results not compared with plan
SM-076,D7,7.1,"Registration, tax and statutory compliance","The business is legally registered and its registration is current (certificate valid, annual renewal or annual return up to date).",YNP,Not registered with the Registrar General's Department,,"Registered, but the annual renewal or annual return is overdue or the details are out of date",,"Valid certificate in the business's name, with annual renewal or annual return up to date",Document,Inspect the certificate and the latest renewal or annual return acknowledgement.,Business name or company registration certificate | Registrar General annual return or renewal receipt,5,Gate,RDY-CMP RDY-FIN RDY-GRT,All,Sourced,S4 S20,Q16,Business not properly registered
SM-077,D7,7.1,"Registration, tax and statutory compliance",All tax returns that fell due in the last 12 months have been filed on time with the Ghana Revenue Authority.,ANCHORED,"No TIN, or no returns have been filed",Has a TIN but has filed no returns,Some returns have been filed,All returns have been filed but some were late,"All returns filed on time, with GRA acknowledgements kept",Document,"Ask for the TIN and filing acknowledgements, and check dates against due dates.",GRA portal filing acknowledgement | Tax clearance certificate,4,Gate,RDY-CMP RDY-FIN RDY-MKT,All,Partly sourced,S3,Q16,Tax returns not filed on time
SM-078,D7,7.1,"Registration, tax and statutory compliance","The owner can say which GRA taxes apply to the business (income tax, VAT, PAYE, withholding) and keeps a calendar of due dates.",ANCHORED,Unaware which taxes apply,Knows only about income tax,Knows the main taxes but has no calendar,"Has a calendar of the taxes that apply, with due dates","Calendar kept, payments tracked with receipts, and advice taken from a tax practitioner or GRA",Document,Ask for the calendar and the payment receipts for the last quarter.,Tax calendar on the office wall | Spreadsheet of tax due dates and payment dates,3,Core,RDY-CMP,All,Partly sourced,S3,,Tax obligations not mapped
SM-079,D7,7.1,"Registration, tax and statutory compliance",Employee SSNIT contributions and PAYE are paid by the due date every month.,ANCHORED,Employees are not registered with SSNIT and PAYE is not deducted,Registered but contributions are in arrears,"Paid, but often late","Paid on time in most months, with proof","Paid on time every month for 12 months, with SSNIT and GRA proof",Third party,"Ask for SSNIT contribution schedules, payment proof and PAYE payment evidence for the last six months.",SSNIT employer contribution report | GRA PAYE payment acknowledgement,4,Gate,RDY-CMP,Has employees,Partly sourced,S17,,SSNIT or PAYE not paid
SM-080,D7,7.2,Contracts and intellectual property,"Important sales and supply arrangements (large customers, key suppliers, premises) are in written agreements.",ANCHORED,No written agreements,Everything is verbal,Some arrangements are in messages or notes only,"Written, signed agreements exist for large buyers and key suppliers","Signed agreements cover price, payment, delivery and ending the contract, and are filed and reviewed",Document,Ask for the agreements with the three largest customers or suppliers.,Supply agreement | Signed local purchase order terms,3,Core,RDY-MKT RDY-INV,All,Design judgement,,,No written commercial agreements
SM-081,D7,7.2,Contracts and intellectual property,"The business has a right to use its premises for at least the next 12 months, shown in a lease, tenancy agreement or title.",ANCHORED,No right to the premises and a risk of being moved,A verbal arrangement only,A written agreement exists but expires within six months,A written lease or tenancy valid for at least 12 months,"Title, or a lease of three years or more",Document,"Inspect the lease, tenancy agreement or title document and check dates.",Tenancy agreement | Land title or allocation letter,3,Standard,RDY-FIN,All,Design judgement,,,Insecure premises
SM-082,D7,7.2,Contracts and intellectual property,"The business has taken a step to stop its brand name, logo or product design being copied.",ANCHORED,Unaware this is possible and copying has occurred,Aware but has done nothing,Business name registered only,"Trademark or design application filed, or staff have signed confidentiality terms","Trademark or design granted, or confidentiality is in force and breaches are handled",Document,"Ask for the registration, application or signed confidentiality terms.",Trademark filing receipt | Staff confidentiality clause in contract,1,Standard,,All,Design judgement,,,Brand or designs unprotected
SM-083,D7,7.3,Risk management and insurance,"The owner has written a list of the main risks to the business (fire, theft, price changes, loss of a key customer, illness) and what will be done about each.",ANCHORED,Has not thought about risks,Aware of risks but nothing is discussed or written,An informal list exists,"A written list names the main risks, an owner and an action for each","Written list reviewed at least yearly and after any incident, with actions checked",Document,Ask for the risk list and the last review date.,Risk register | Notebook page of risks and responses,3,Core,RDY-INV RDY-GRT,All,Partly sourced,S15,,No risk list
SM-084,D7,7.3,Risk management and insurance,"The business holds valid insurance for its biggest insurable risks (stock, premises, vehicles, workers).",ANCHORED,No insurance of any kind,Knows the options but holds none,Holds only compulsory cover such as vehicle third party,Main assets and stock are insured with valid policies,Valid policies with values checked at least yearly,Document,"Inspect the policy documents, the cover amounts and the expiry dates.",Fire and stock insurance policy | Motor insurance certificate,3,Standard,RDY-FIN,All,Partly sourced,S15,,Key risks uninsured
SM-085,D7,7.3,Risk management and insurance,"Valuable stock and cash are protected by physical controls (locks, safe, limited keyholders, cash banked regularly).",ANCHORED,Stock and cash are left exposed,Locked at night only,"Locked, with some limits on who has access",Secured storage with a limited number of keyholders and cash banked at least weekly,"As before, plus daily banking and a record of access and incidents",Observation,"Inspect storage, ask who holds keys and check banking dates.",Locked store with keyholder list | Deposit slips showing regular banking,3,Standard,,All,Partly sourced,S15,,Stock and cash exposed to theft
SM-086,D7,7.4,Continuity and data protection,"Written steps exist for keeping key activities running after a disruption (fire, power cut, illness of a key person, loss of premises).",ANCHORED,No plan of any kind,Owner has a plan in mind only,Informal notes for one scenario,A written plan for the main disruptions with a contact list,Written plan tested or practised within the last 12 months,Document,Ask for the plan and any record of a practice or real use.,Continuity checklist with contacts | Notes from a power cut drill,3,Standard,RDY-INV,All,Partly sourced,S14,,No continuity plan
SM-087,D7,7.4,Continuity and data protection,"Business records and customer data are backed up so they could be recovered after loss of a phone, computer or the premises.",ANCHORED,No backup; one copy only,A second copy is kept in the same place,Occasional backups with no routine,"Monthly backup kept in a separate place (cloud, other premises) and recovery within a week is possible","At least weekly off site backup and a recovery test done in the last 12 months, recovering within a day",Digital record,"Ask to see the backup and the date of the last one, and ask for a test restore.",Cloud backup log | External drive with dated copies kept off site,3,Standard,RDY-GRT,All,Partly sourced,S14,,Records not backed up
SM-088,D7,7.4,Continuity and data protection,"The business handles personal data about customers and staff in line with the Data Protection Act, including registration with the Data Protection Commission.",ANCHORED,Unaware of the rules; personal data is on open or shared phones and papers,Aware of the rules but has taken no steps,"Basic security (lock, passcodes) but not registered",Registered with the Data Protection Commission and basic security in place,"Registration renewed, written data handling rules, staff briefed and a way to answer data requests",Document,Ask for the registration certificate and inspect how personal data is stored.,Data Protection Commission registration certificate | Locked cabinet for staff files and password protected customer list,3,Core,RDY-CMP,All,Sourced,S8 S18,,Personal data not protected or registered
SM-089,D8,8.1,Environmental and climate practice,"Electricity, fuel and water use and cost are tracked every month.",ANCHORED,Not tracked,Bills are paid but not compared,Bills are kept and total cost is known,Monthly cost is compared and the biggest users are identified,Units used are tracked against output and a reduction target is set,Document,Ask for the last six months of utility bills and the comparison.,ECG electricity bills and prepaid meter records | Fuel purchase log,2,Standard,,All,Partly sourced,S13 S2,,Energy and water use not tracked
SM-090,D8,8.1,Environmental and climate practice,"In the last 12 months the business has taken at least one action to cut energy or water use (LED lighting, solar, efficient equipment, repairing leaks).",ANCHORED,No action and none planned,An action is being considered,One low cost action has been taken,Two or more actions taken and savings estimated,Savings measured and further actions planned,Observation,Inspect the measures and compare bills before and after.,Solar panel or LED bulbs installed | Leak repair receipts,2,Standard,,All,Partly sourced,S13 S2,,No resource saving actions
SM-091,D8,8.1,Environmental and climate practice,"Waste (packaging, scrap, used oil, chemicals, electronic waste, organic waste) is sorted, reused or disposed of safely.",ANCHORED,Waste is dumped or burnt in the open,Left for general collection with no separation,Some waste is reused or collected,"Waste is sorted, reused or sold, and hazardous items go to an approved collector","As before, with waste measured and reduced",Observation,Inspect waste handling and ask for collector or buyer receipts for hazardous or recyclable items.,Separate bins for scrap and plastics | Receipt from approved waste collector,3,Standard,RDY-GRT RDY-MKT,All,Partly sourced,S13 S2,,Waste handled unsafely
SM-092,D8,8.1,Environmental and climate practice,"The business has taken a practical step against a climate hazard that affects it (flood, heat, drought, storm, power outages).",ANCHORED,Has not considered climate hazards,Has considered them but done nothing,Has a plan but not yet acted,"One practical step is in place, such as drainage, shade, water storage or backup power",Several steps in place and reviewed after each event,Observation,Inspect the measure and ask what hazard it addresses and when it was done.,Raised storage racks against flooding | Backup power supply for a cold room,2,Standard,RDY-GRT,All,Design judgement,,,No climate hazard response
SM-093,D8,8.2,"Gender, youth and social inclusion",Women and men doing the same work in the business are paid equally and have the same chance of promotion.,ANCHORED,Clear pay gaps or exclusion from promotion,Inequality is known and accepted,"No rule on equal pay, but no known gap",Pay scales are the same for the same role and have been checked,Pay and role data by gender are reviewed yearly and gaps acted on,Document,Compare pay for the same role across women and men and ask staff about promotion.,Payroll listing pay by role | Promotion decisions in the last two years,2,Standard,RDY-GRT,All,Sourced,S7,,Unequal pay or promotion
SM-094,D8,8.2,"Gender, youth and social inclusion","Both women and people under 35 hold jobs with real responsibility (supervisor, technician, manager), not only casual or lowest paid roles.",ANCHORED,"Neither group holds any role of responsibility, or any role at all",Both groups work only in casual or lowest paid roles,One of the two groups holds a role of responsibility,Both groups hold at least one role of responsibility,Both groups hold several such roles and a training or apprenticeship route is recorded,Document,"Review the staff list by role, sex and age band and ask about training routes.",Staff list showing supervisors by sex and age | Apprenticeship records,2,Standard,,All,Partly sourced,S7,,Women and youth excluded from responsibility
SM-095,D8,8.2,"Gender, youth and social inclusion","Women who own, work in or help run the business take part in decisions about how its income is spent.",ANCHORED,Women have no say in decisions,Women are consulted rarely,Women are consulted but the owner decides alone,Women take part in business decisions that affect them,"Women confirm, when asked separately, that they take part in decisions and control the income they earn",Interview,Speak separately to the women connected to the business about their role in decisions and income.,Wife or female partner confirms joint decisions on spending | Female staff describe how bonuses and tasks are decided,2,Standard,RDY-GRT,All,Partly sourced,S11,,Women excluded from business decisions
SM-096,D8,8.2,"Gender, youth and social inclusion",The workplace has a rule against harassment and a safe way for staff to report it.,ANCHORED,No rule and harassment is tolerated,A verbal rule only,An informal open door with the owner,"A written rule known to staff, with a named person to report to","Written rule, staff briefed, and a reporting process that is used and logged",Third party,Ask for the written rule and ask two staff how they would report a concern.,Staff handbook clause on harassment | Notice naming the person to report to,3,Core,RDY-GRT RDY-CMP,All,Partly sourced,S7,,No harassment rule or reporting route
SM-097,D8,8.3,Shock resilience and adaptability,The owner has written down what the business would do if monthly sales fell by a quarter for three months.,ANCHORED,Has no idea what would be done,"Would cut staff or borrow personally, with no plan",Actions are described verbally,A written response with triggers and cost cuts,Written response that has been rehearsed or used before,Document,Ask for the written response and when it was last reviewed.,Page of cost cuts and triggers | Plan used during a previous sales drop,3,Core,RDY-INV,All,Design judgement,,,No plan for a sales drop
SM-098,D8,8.3,Shock resilience and adaptability,Share of sales in the last 12 months that came from the largest single product or service line.,BANDED,Above 90 percent,76 to 90 percent,61 to 75 percent,41 to 60 percent,40 percent or less,Document,Calculate from sales records by product or service line.,Sales by product report | Ledger totals by product line,3,Standard,RDY-INV,All,Design judgement,,,Dependence on one product
SM-099,D8,8.3,Shock resilience and adaptability,"The owner belongs to a business association, cooperative, trade group or peer network and has attended its meetings.",ANCHORED,Not a member of any network and works alone,Member but not active,Attended one meeting in the last six months,Attended two or more meetings in the last six months,"Active, and has used the network for a concrete benefit in the last 12 months (referral, shared purchase, guarantee)",Third party,Ask for membership proof and a recent benefit received.,Association membership card | Group purchasing receipt,1,Standard,,All,Partly sourced,S11,,Isolated owner with no network
SM-100,D8,8.3,Shock resilience and adaptability,"At least two people can perform each critical task (taking orders, bookkeeping, production, delivery).",ANCHORED,Each task depends on one person and nobody can cover,Informal cover for some tasks only,Backup named for one critical task,Backups named for all critical tasks,Backups named and tested through cross training in the last 12 months,Interview,Ask who covers each critical task and when cover was last used.,Cover roster | Second person trained to do invoicing,3,Standard,,All,Partly sourced,S14,,Critical tasks depend on one person
